HolidayDate,Name
2017-11-10,2017-11-10 Veteran's Day
2017-11-23,2017-11-23 Thanksgiving
2017-11-24,2017-11-24 Thanksgiving
2017-12-25,2017-12-25 Christmas
2017-12-26,2017-12-26 Christmas
2017-12-27,2017-12-27 Christmas
2018-01-01,2018-01-01 New Year's Day
2018-01-15,"2018-01-15 Martin Luther King, Jr. Birthday"
2018-03-30,2018-03-30 Good Friday
2018-05-28,2018-05-28 Memorial Day
2018-07-04,2018-07-04 Independence Day
2018-09-03,2018-09-03 Labor Day
2018-11-12,2018-11-12 Veteran’s Day
2018-11-22,2018-11-22 Thanksgiving
2018-11-23,2018-23-11 Thanksgiving
2018-12-24,2018-12-24 Christmas
2018-12-25,2018-12-25 Christmas
2018-12-26,2018-12-26 Christmas
2019-01-01,2019-01-01 New Year's Day
2019-01-21,"2019-01-21 Martin Luther King, Jr. Birthday"
2019-04-19,2019-04-19 Good Friday
2019-05-27,2019-05-27 Memorial Day
2019-07-04,2019-07-04 Independence Day
2019-09-02,2019-09-02 Labor Day
2019-11-11,2019-11-11 Veteran’s Day
2019-11-28,2019-11-28 Thanksgiving
2019-11-29,2019-11-29 Thanksgiving
2019-12-24,2019-12-24 Christmas
2019-12-25,2019-12-25 Christmas
2019-12-26,2019-12-26 Christmas
2020-01-01,2020-01-01 New Year's Day
2020-01-20,"2020-01-20 Martin Luther King, Jr. Birthday"
2020-04-10,2020-04-10 Good Friday
2020-05-25,2020-05-25 Memorial Day
2020-07-03,2020-07-03 Independence Day
2020-09-07,2020-09-07 Labor Day
2020-11-11,2020-11-11 Veteran’s Day
2020-11-26,2020-11-26 Thanksgiving
2020-11-27,2020-11-27 Thanksgiving
2020-12-24,2020-12-24 Christmas
2020-12-25,2020-12-25 Christmas
2020-12-28,2020-12-28 Christmas
2021-01-01,2021-01-01 New Year's Day
2021-01-18,2021-01-18 Martin Luther King Jr
2021-04-02,2021-04-02 Good Friday
2021-05-31,2021-05-31 Memorial Day
2021-06-18,2021-06-18 Juneteenth
2021-07-05,2021-07-05 Independence Day
2021-09-06,2021-09-06 Labor Day
2021-11-11,2021-11-11 Veterans Day
2021-11-25,2021-11-25 Thanksgiving
2021-11-26,2021-11-26 Thanksgiving
2021-12-23,2021-12-23 Christmas
2021-12-24,2021-12-24 Christmas
2021-12-27,2021-12-27 Christmas
2021-12-31,2021-12-31 New Years
2022-01-17,"2022-01-17 Martin Luther King, Jr"
2022-04-15,2022-04-15 Good Friday
2022-05-30,2022-05-30 Memorial Day
2022-06-20,2022-06-20 Junteenth
2022-07-04,2022-07-04 Independence Day
2022-09-05,2022-09-05 Labor Day
2022-11-11,2022-11-11 Veterans Day
2022-11-24,2022-11-24 Thanksgiving
2022-11-25,2022-11-25 Thanksgiving
2022-12-23,2022-12-23 Christmas
2022-12-26,2022-12-26 Christmas
2022-12-27,2022-12-27 Christmas
2023-01-02,2023-01-02 New Year's Day
2023-01-16,"2023-01-16 Martin Luther King, Jr. Birthday"
2023-04-07,2023-04-07 Good Friday
2023-05-29,2023-05-29 Memorial Day
2023-06-19,2023-06-19 Juneteenth
2023-07-04,2023-07-04 Independence Day
2023-09-04,2023-09-04 Labor Day
2023-11-10,2023-11-10 Veteran’s Day
2023-11-23,2023-11-23 Thanksgiving
2023-11-24,2023-11-24 Thanksgiving
2023-12-25,2023-12-25 Christmas
2023-12-26,2023-12-26 Christmas
2023-12-27,2023-12-27 Christmas
2024-01-01,2024-01-01 New Year's Day
2024-01-15,"2024-01-15 Martin Luther King, Jr. Birthday"
2024-03-29,2024-03-29 Good Friday
2024-05-27,2024-05-27 Memorial Day
2024-06-19,2024-06-19 Juneteenth
2024-07-04,2024-07-04 Independence Day
2024-09-02,2024-09-02 Labor Day
2024-11-11,2024-11-11 Veterans Day
2024-11-28,2024-11-28 Thanksgiving
2024-11-29,2024-11-29 Thanksgiving
2024-12-24,2024-12-24 Christmas
2024-12-25,2024-12-25 Christmas
2024-12-26,2024-12-26 Christmas
2025-01-01,2025-01-01 New Year's Day
2025-01-20,"2025-01-20 Martin Luther King, Jr. Birthday"
2025-04-18,2025-04-18 Good Friday
2025-05-26,2025-05-26 Memorial Day
2025-06-19,2025-06-19 Juneteenth
2025-07-04,2025-07-04 Independence Day
2025-09-01,2025-09-01 Labor Day
2025-11-11,2025-11-11 Veterans Day
2025-11-27,2025-11-27 Thanksgiving
2025-11-28,2025-11-28 Thanksgiving
2025-12-24,2025-12-24 Christmas
2025-12-25,2025-12-25 Christmas
2025-12-26,2025-12-26 Christmas
2026-01-01,2026-01-01 New Year's Day
2026-01-19,"2026-01-19 Martin Luther King, Jr. Birthday"
2026-04-03,2026-04-03 Good Friday
2026-05-25,2026-05-25 Memorial Day
2026-06-19,2026-06-19 Juneteenth
2026-07-03,2026-07-03 Independence Day
2026-09-07,2026-09-07 Labor Day
2026-11-11,2026-11-11 Veterans Day
2026-11-26,2026-11-26 Thanksgiving
2026-11-27,2026-11-27 Thanksgiving
2026-12-24,2026-12-24 Christmas
2026-12-25,2026-12-25 Christmas
2026-12-28,2026-12-28 Christmas
2027-01-01,2027-01-01 New Year's Day
2027-01-18,"2027-01-18 Martin Luther King, Jr. Birthday"
2027-03-26,2027-03-26 Good Friday
2027-05-31,2027-05-31 Memorial Day
2027-06-18,2027-06-18 Juneteenth
2027-07-05,2027-07-05 Independence Day (City Observed)
2027-09-06,2027-09-06 Labor Day
2027-11-11,2027-11-11 Veterans Day
2027-11-25,2027-11-25 Thanksgiving
2027-11-26,2027-11-26 Thanksgiving
2027-12-24,2027-12-24 Christmas
2027-12-27,2027-12-27 Christmas
2027-12-28,2027-12-28 Christmas
